{
  "model": "TF-IDF word (1,2) + LinearSVC",
  "cv_folds": 5,
  "seed": 42,
  "C_grid": [
    0.01,
    0.05,
    0.1,
    0.25,
    0.5,
    1.0,
    2.0,
    4.0,
    8.0,
    16.0
  ],
  "cv_means": [
    0.8390000000000001,
    0.85,
    0.8554999999999999,
    0.866,
    0.8699999999999999,
    0.881,
    0.881,
    0.882,
    0.8815000000000002,
    0.881
  ],
  "cv_stds": [
    0.02681417535558385,
    0.024748737341529176,
    0.02331308645374953,
    0.023270152556440188,
    0.027883686987197377,
    0.029008619408720567,
    0.0315673882353292,
    0.031835514759463224,
    0.02994160984315974,
    0.03080584360149872
  ],
  "best_C": 4.0,
  "best_cv_acc": 0.882,
  "best_cv_std": 0.031835514759463224,
  "holdout_acc": 0.8925,
  "confusion_matrix": [
    [
      176,
      24
    ],
    [
      19,
      181
    ]
  ],
  "elapsed_s": 59.3
}